legal_name,mc_number,dot_number,country,province_state
1000297832 Ontario Ltd,1466579,3945406,CA,ON
1000660614 Ontario Inc,1612718,4186501,CA,ON
1000920041 Ontario Inc,1650244,4255589,CA,ON
1000927605 Ontario Inc,1690211,4329466,CA,ON
1001287535 Ontario Inc,1747666,4438984,CA,ON
1001382878 Ontario Inc,1772841,4486541,CA,ON
10209473 Canada Ltd,083652,3112931,CA,ON
10519731 Canada Inc,067239,3082127,CA,QC
10706078 Canada Inc,1221068,3597989,CA,QC
10821675 Canada Inc,1008632,3222187,CA,QC
11338269 Canada Inc,1314613,3727677,CA,BC
1210841 Ontario Ltd,342097,758431,CA,ON
12332442 Canada Inc,1460185,3935862,CA,ON
1262380 Ontario Limited,343105,761735,CA,ON
1264720 Ontario Limited,098904,3140642,CA,ON
12744465 Canada Inc,1207189,3577440,CA,QC
12787148 Canada Inc,1597785,4158643,CA,QC
1281576 Ontario Limited,448561,2230205,CA,ON
12881241 Canada Inc,1495015,3987696,CA,ON
1318812 Ontario Ltd,1666663,4285550,CA,ON
13461157 Canada Inc,1557320,4089109,CA,ON
1365221 Ontario Inc,491560,1254017,CA,ON
13720535 Canada Inc,1396675,3840778,CA,ON
13835626 Canada Inc,1741753,4427749,CA,ON
1387431 Ontario Inc,586040,1582731,CA,ON
1389718 Ontario Inc,453707,2230469,CA,ON
14075722 Canada Inc,1671813,4294981,CA,QC
141200 Canada Ltd,808064,2371116,CA,QC
1450911 Ontario Inc,597167,2238751,CA,ON
1456661 Ontario Inc,965572,2867554,CA,ON
1459641 Ontario Limited,413872,2228144,CA,ON
14926935 Canada Inc,1549172,4075317,CA,ON
1531327 Ontario Ltd,465753,1168869,CA,ON
1579901 Ontario Inc,464977,1154243,CA,ON
15820472 Canada Inc,1739628,4423818,CA,ON
15820545 Canada Inc,1741718,4427689,CA,MB
16120776 Canada Inc,1724442,4394876,CA,QC
16288600 Canada Inc,1665033,4282628,CA,ON
1643799 Ontario Inc,868569,850603,CA,ON
1668049 Ontario Inc,1721993,4332925,CA,ON
17288972 Canada Inc,1793479,4525156,CA,QC
17361491 Canada Inc,1768292,4478173,CA,QC
1749348 Ontario Inc,1539389,4058380,CA,ON
1787748 Ontario Ltd,1635040,4227543,CA,ON
18 Wheels Logistics Ltd,935541,2812763,CA,BC
1827883 Ontario Limited,767141,2252850,CA,ON
1869945 Ontario Inc,819314,2395866,CA,ON
2 Step Logistics Inc,1415794,3868877,CA,ON
2051782 Ontario Ltd,576999,1553948,CA,ON
2055660 Ontario Inc,998779,2950173,CA,ON
2063940 Ontario Inc,521228,1359813,CA,ON
2071044 Ontario Inc,748032,2248911,CA,ON
2132135 Ontario Ltd,663676,1829944,CA,ON
2136284 Ontario Inc,871206,2516237,CA,ON
2150817 Ontario Inc,739149,2120822,CA,ON
2195795 Alberta Inc,1803136,4542968,CA,AB
2217054 Ontario Inc,676903,1838948,CA,ON
2246662 Alberta Inc,1347474,3772735,CA,AB
2273053 Ontario Inc,737775,2248252,CA,ON
2371972 Alberta Inc,734216,2248038,CA,AB
24 7 Hotshots,,,CA,AB
2449915 Ontario Limited,923676,2781844,CA,ON
2474884 Ontario Inc,1486232,3974525,CA,ON
2481146 Ontario Inc,1082504,3374823,CA,ON
2515616 Ontario Inc,958779,2861408,CA,ON
2527275 Ontario Ltd,065269,2925602,CA,ON
2545432 Ontario Inc,1684969,4319349,CA,ON
2547-5955 Quebec Inc,1112777,3432894,CA,QC
2572194 Ontario Inc,113875,3164986,CA,ON
2596591 Alberta Corp,1650875,4256776,CA,AB
2638526 Ontario Inc,1344054,3768033,CA,ON
2640126 Ontario Inc,1677988,4306542,CA,ON
2655749 Ontario Inc,1575855,4120556,CA,ON
2665113 Ontario Inc,1093357,3398207,CA,ON
2687691 Ontario Inc,1791399,4521217,CA,ON
2690154 Ontario Inc,1136580,3471818,CA,ON
2692109 Ontario Ltd,1345756,3770531,CA,ON
2701545 Canada Inc,482535,2232041,CA,NB
2767710 Ontario Ltd,1128421,3458967,CA,ON
2773763 Ontario Limited,1657067,4267978,CA,ON
2779790 Ontario Inc,1322823,3739003,CA,ON
2846444 Ontario Ltd,1534535,4050177,CA,ON
3676111 Canada Inc,864330,2516641,CA,QC
376973 Ontario Limited,820333,2392260,CA,ON
3807304 Canada Inc,848021,2463285,CA,QC
4174798 Canada Inc,1046942,3300932,CA,QC
4186397 Canada Inc,364417,1217477,CA,AB
41Scs,,,CA,ON
466095 BC Ltd,480653,2231948,CA,BC
516155 Ontario Limited,229092,384271,CA,ON
5225494 Manitoba Ltd,055030,3060633,CA,AB
548937 Ontario Ltd,358095,2225010,CA,ON
553562 Ontario Limited,248469,464611,CA,ON
594827 Saskatchewan Ltd,503682,1074844,CA,SK
610926 Saskatchewan Ltd,245237,2215359,CA,SK
624889 B C Ltd,345953,770847,CA,BC
669779 Ontario Ltd,809266,2365396,CA,ON
6830944 Manitoba Ltd,1539803,4059158,CA,AB
689803 Alberta Ltd,339087,747494,CA,AB
6983309 Manitoba Ltd,1297756,3704758,CA,MB
6Sense,,,CA,AB
7 Mountain,,,CA,BC
7 Mountain Logistics Inc,1698495,4345687,CA,BC
7013990 Canada Inc,740426,2124965,CA,ON
7123019 Canada Inc,840282,2436761,CA,ON
7155248 Manitoba Ltd,039900,3032035,CA,MB
720319 NB Inc,1518616,4024117,CA,NB
7266073 Canada Inc,929701,2823779,CA,QC
759372881BC0001,094593,3133658,CA,BC
8 AM,,,CA,BC
8111693 Canada Inc,808305,2399331,CA,QC
8344795 Canada Inc,877543,2526450,CA,QC
851748 Ontario Inc,611624,2239794,CA,ON
8517851 Canada Inc,1549155,4075296,CA,QC
854984 Ontario Inc,1067701,3343730,CA,ON
875217 Ontario Inc,245774,2215384,CA,ON
890557 Ontario Limited,252136,306395,CA,ON
891015 Ontario Limited,309724,661516,CA,ON
8980004 Canada Inc,1007460,3219914,CA,ON
9045-7060 Quebec Inc,593183,1321673,CA,QC
9061-4546 Quebec Inc,367525,821171,CA,QC
9082-5274 Quebec Inc,813047,2374122,CA,QC
9108-1950 Quebec Inc,471471,1175764,CA,QC
9110801 Canada Inc,1699111,4346882,CA,ON
9113-1144 Quebec Inc,1160159,3507930,CA,QC
9152-2383 Quebec Inc,633334,2241332,CA,QC
9185-2061 Quebec Inc,633419,2241341,CA,QC
9193-9686 Quebec Inc,1773244,4487301,CA,QC
9208-8988 Quebec Inc,288240,1396237,CA,QC
9215-5720 Quebec Inc,885932,2545210,CA,QC
924473 Ontario Limited,448632,2230207,CA,ON
9257-5745 Quebec Inc,1246737,3634894,CA,QC
9272518 Canada Inc,925065,2793007,CA,QC
9324-1941 Quebec Inc,924993,2802815,CA,QC
933796 Ontario Inc,366536,818642,CA,ON
933870 Ontario Inc,893645,2566238,CA,ON
9343-8372 Quebec Inc,001404,2955099,CA,QC
9346-2190 Quebec Inc,990507,2932776,CA,QC
9354-0763 Quebec Inc,030270,3013230,CA,QC
9427-9932 Quebec Inc,1381829,3819824,CA,QC
9428-8420 Quebec Inc,1392846,3835418,CA,QC
9466-3614 Quebec Inc,875620,2544809,CA,QC
9469-8370 Quebec Inc,1547102,4071854,CA,QC
9480-5306 Quebec Inc,1526214,4036204,CA,QC
9489-5414 Quebec Inc,1548287,4073861,CA,QC
9498-4069 Quebec Inc,1682639,4293799,CA,QC
9500910 Canada Inc,1795294,4518199,CA,QC
9532-1212 Quebec Inc,1705571,4359278,CA,QC
9559-9825 Quebec Inc,1801490,4540009,CA,QC
9739190 Canada Inc,087826,3120777,CA,AB
9974695 Canada Inc,1013924,3221999,CA,ON
A C Transport,,,CA,ON
A One Logistics Inc,1817807,4570298,CA,ON
A-1 Delivery Service Logistics,,,CA,ON
A&R Freight Solutions Ltd,1673914,4298939,CA,BC
A2E Logistics Inc,1764118,4470155,CA,MB
AA Logistics,,,CA,AB
Aagum Logistics Ltd,1671298,4294010,CA,ON
Abc Logistique Inc,365406,2225381,CA,QC
Abel Corporation,1176696,2127459,CA,AB
Able Trucking Ont Inc,321566,693623,CA,ON
Access World Canada Limited,1492189,3983452,CA,ON
Accord Logistics Ltd,078248,3101700,CA,BC
Accord Transportation Logistics Llc,807947,2361301,CA,BC
Accord Transportation Ltd,223172,424445,CA,BC
Ace Link Logistics Inc,1685362,4320019,CA,QC
Aci World Services,,,CA,QC
Acme Freight Sales Limited,1582425,4131954,CA,BC
Across Country Transport,,,CA,ON
Action Advantage Logistics Inc,1666245,4284765,CA,ON
Actual Time Logistic Group,,,CA,ON
Acumen Logistics Ltd,1087449,3385979,CA,BC
Adams Freight Forwarding Inc,454731,2230520,CA,BC
Adli Logistics,,,CA,ON
Advance Distribution Logistics International Inc,302832,2222301,CA,ON
Advantech Supply Chain Solutions Inc,1096852,3405349,CA,ON
Affordable Freight Consultants Inc,845774,2454239,CA,NS
Aitrans Inc,1619203,4198437,CA,ON
AJ Gill Transport Ltd,1145259,3485309,CA,BC
Akj Freight & Company Inc,1771342,4483743,CA,MB
Aklog Inc,,,CA,ON
Aklog International Inc,1778564,4497145,CA,ON
Akupara Industries Inc,1781614,4502934,CA,ON
Alberta Specialize Equipment Transport Inc,701484,1979808,CA,AB
Albion Express Inc,1325721,3743009,CA,ON
Albion Logistics,,,CA,ON
Alcon Logistics Inc,1390690,3832332,CA,ON
Alct International Inc,104891,3151059,CA,QC
All Nations Transportation,,,CA,ON
All Routes Logistics Inc,802713,2345905,CA,ON
All-Connect,,,CA,ON
All-Connect Logistical Services Inc,247424,2215468,CA,ON
All-Loads Transportation Inc,907408,2593733,CA,ON
Allen Lund Company Canada Ltd,1531062,4044273,CA,BC
Alliance Logistics Solutions Inc,144967,3194835,CA,QC
Allied Maritime Services Inc,674915,2244175,CA,QC
Allworld Logistic Solutions Inc,1505091,4003107,CA,BC
Alpha Group Corp,594592,1607902,CA,ON
Alta Pacific Transport Ltd,276488,571229,CA,BC
Alumno Logistics Inc,,,CA,ON
Aman Logisitics Ltd,219981,355369,CA,BC
Amar Transport Inc,776861,2274471,CA,ON
Ameri-Connect Freight Services Inc,020341,2986148,CA,ON
American Worldwide Logistics,,,CA,AB
Aml International Transport,1478045,3962240,CA,QC
Amplify Logistics Group,,,CA,ON
Amt And Associates,,,CA,ON
Anand Enterprises Ltd,435266,1033139,CA,BC
Anchor Transport Ltd,1612492,4186048,CA,AB
Anderson Heavy Haul & Rigging,,,CA,ON
Andy Logistique Inc,883356,2566539,CA,QC
Andy Stieva Trucking Ltd,411474,970412,CA,ON
Andy Transport Inc,575152,1547667,CA,QC
Angel's Brokerage Inc,1647939,4251319,CA,ON
Anttal Transportation Ltd,1687271,4323620,CA,AB
AP International Inc,791045,2321426,CA,QC
Applegrove Logistics Ltd,1767262,4476195,CA,ON
Apps Cartage Inc,337851,743419,CA,ON
Apps Express Cartage Apps Transport Group,,,CA,ON
AR Shipping & Logistics Inc,1639611,4236038,CA,AB
Argus Carriers Ltd,248255,885825,CA,BC
Argus Transport Canada Inc,246903,747766,CA,QC
Arnica Inc,1300927,3702857,CA,ON
Arrival Gtr,,,CA,QC
Arrival Transport Routier Inc,820375,2779025,CA,QC
Arrow Reload Systems Inc,1074628,3357602,CA,BC
Artimax Inc,1112276,3432046,CA,ON
Artimax Logistics,,,CA,ON
Asap Freight Brokerage Inc,1258713,3651379,CA,ON
Ascend Freight Solutions Inc,1679268,4309033,CA,ON
Aset Transport,,,CA,AB
Ashron Freight Services Inc,866303,2505385,CA,QC
Asl Global Logistics,,,CA,ON
Asl Traffic Management Inc,873096,2520480,CA,ON
Aspen Freight Systems Inc,1804924,4546251,CA,ON
Astral Logistics Group Inc,090016,3124933,CA,ON
Ati,,,CA,QC
Atl Heavy Haul Inc,1104052,3417945,CA,AB
Atlantic EX-Works Inc,1489562,3883040,CA,NS
Atlas Worldwide Logistics Ltd,1564494,4101241,CA,NB
Atpac Transport Inc Atpac Transportation Inc,393584,911534,CA,QC
Atq,,,CA,ON
Atqhaul Inc,1793417,4524991,CA,ON
Autobahn Freight Lines Ltd,361296,811543,CA,ON
Autobound Logistic Solutions Inc,1603274,4169143,CA,QC
Autofreight Transportation Group Inc,1577824,4123934,CA,ON
Autolinx Express Inc,905146,2596039,CA,ON
Autolinx Logistics,,,CA,ON
Avalanche Xpress,,,CA,QC
Avion Logistics Inc,795712,2330851,CA,ON
Avira Transport Ltd,1772895,4486640,CA,BC
Axsun Inc,536687,2235028,CA,QC
B & D Walter Trucking Ltd,829186,293626,CA,AB
B & W Freight Forwarders Ltd,661693,2243330,CA,AB
B4U Logistics,,,CA,QC
Bahnfreight,,,CA,ON
Bainbridge Brokerage Canada Inc,1761269,4464783,CA,ON
Bak Freight,,,CA,ON
Balkan Transport Inc,1612426,4185910,CA,ON
Bazz Transport Ltd,1032532,3047865,CA,SK
Bdr International Ltd,853315,2472836,CA,ON
Bdr Logistics,,,CA,ON
Beaming Logistics Ltd,1772654,4486162,CA,ON
Bedard Transitaire International Inc,988790,2929190,CA,QC
Beech Hill Freight Brokerage Inc,970185,2888824,CA,ON
Bell City Transport Systems 2012 Inc,797190,2334841,CA,ON
Benchmark Trade Solutions Inc,644930,2242141,CA,ON
Benz Logistics Inc,1612742,4186563,CA,ON
Berdl Transport Ltd,1370113,3803793,CA,BC
Bereli Global Freight Solutions,,,CA,AB
Bernieres Logistique Inc,822739,2461143,CA,QC
Bert Baxter Transport Ltd,259205,207095,CA,SK
Best Expedited Services & Transport Inc,625711,2240771,CA,ON
Best Rate Transportation Ltd,096027,3136032,CA,AB
BG Coastal Freight Inc,514473,2233720,CA,BC
Bison Transport Inc,156588,245330,CA,MB
Blackbuck Logistics Inc,1287891,3691275,CA,BC
Blink Transportation Limited,1780701,4501189,CA,BC
Blm Transportation,,,CA,ON
Bls Logistics Inc,1648719,4252751,CA,AB
Blue Chip Logistics Inc,711602,2246652,CA,BC
Blue Continent Transportation Ltd,660324,2243240,CA,BC
Blue Dot Americas Limited,103013,3147602,CA,ON
Blue Horse Trucking Ltd,1645590,3180938,CA,AB
Blue Lotus Cargo Services Inc,1767497,4054948,CA,NB
Bluebow Logistics Inc,1657296,4268407,CA,ON
Blueprint Logistics Ltd,1183057,3542117,CA,ON
Bmd International,,,CA,ON
Boomer Logistics Corporation,995135,2941993,CA,ON
Border Bound Inc,577834,2237469,CA,ON
Border Brokers Inc,1226419,3605841,CA,MB
Bourret International Inc,443923,1063179,CA,QC
Bowline Logistics Ltd,133593,3189063,CA,AB
Bps Cargo Solutions Corp,1782211,4504087,CA,AB
BR1 Logistics Inc,1199216,3565616,CA,ON
Brancar Logistics Ltd,1462353,3939081,CA,ON
Brant Carriers Inc,1560125,4093820,CA,ON
Braun Logistics Inc,772522,2270147,CA,BC
Brian Kurtz Trucking Ltd,174267,182582,CA,ON
Bridge 4 Freight Inc,1700498,4349575,CA,ON
Bridgepoint Logistics Inc,821414,2389823,CA,ON
Bridging Distances Inc,1554666,4084529,CA,ON
Briway Carriers Inc,328452,712683,CA,ON
Brokerwin Ltd,1346215,3771136,CA,ON
Bronco Transportation Systems Inc,212645,326696,CA,BC
Bsd Transport Inc,970020,2888516,CA,QC
Bufalus Logistics Inc,1521116,4028116,CA,AB
Bulk Carriers Pei Limited,276954,568522,CA,PE
Bull's Logistics Inc,1494657,3987171,CA,AB
Bullhaul Logistics Inc,1695499,4339804,CA,ON
Bullwhip Logistics Consulting Ltd,1399354,3844638,CA,MB
Bushell Transport Company Ltd,838375,2445331,CA,AB
Buxar Traders,,,CA,ON
Byexpress,,,CA,ON
Byexpress Corporation,630341,2241140,CA,ON
Byte Lane Ltd,1635427,4228283,CA,AB
C & J Clarke Freight Management Ltd,487468,2232308,CA,BC
C H Robinson Company Canada Ltd,200852,2213842,CA,ON
C&D Logistics Ltd,862691,2495816,CA,BC
C&S Logistics Solutions Ltd,692898,2245380,CA,ON
Cabuzzi Freight Inc,1000358,3206830,CA,BC
Caledon Freight Services Inc,1287083,3690189,CA,ON
Calmar Transport Inc,1330079,3127798,CA,AB
Calo Logistics Inc,1022875,3250555,CA,ON
Camionnage Mcdk Inc,310218,662309,CA,QC
Can-AM West Carriers Inc,696404,2245623,CA,BC
Canada Drayage Inc,368432,831304,CA,ON
Canada Worldwide Services Inc,004762,2961234,CA,ON
Canadian Freight Brokers Inc,1751325,4446004,CA,ON
Canadian Lynden Transport Ltd,174780,184731,CA,YT
Canamex Logistics Services Inc,603333,2239211,CA,ON
Caneda Transport Ltd,842512,256957,CA,AB
Canex Global Logistics Inc,918944,2643150,CA,ON
Canopy Cargo Solutions Ltd,1557988,4090250,CA,AB
Canpro Logistics Inc,837271,2435642,CA,ON
Canuck Brothers Logistics Inc,1536375,4053210,CA,ON
Canus Logistics Ltd,1049770,3306946,CA,ON
Canus Trucking Solutions Inc,1607754,4177319,CA,ON
Capital Southern Transportation Inc,309771,661400,CA,ON
Caravan Supply Chain Inc,110234,3160046,CA,ON
Cargo Cage Trucking Ltd,1634521,4226584,CA,BC
Cargo Crafter Logistics,,,CA,ON
Cargo Shuffle Inc,905973,2590249,CA,ON
Cargomar Inc,1474587,3957054,CA,QC
Carmen Transport,,,CA,ON
Carrierhawk Canada Inc,1320541,3735981,CA,ON
Carshipping Express Inc,1746998,4437748,CA,NS
Carson Customs Brokers Ltd,1687859,4324731,CA,BC
Carson International,,,CA,BC
Cask Logistics Inc,1004725,3214706,CA,ON
Cat Global Inc,829684,2415101,CA,QC
Catalyst Freight Solutions Inc,837553,2434385,CA,ON
Caucasus Auto Logistics Llc,1772349,4485607,CA,QC
Cavalier Transportation Services Inc,164217,2212158,CA,ON
CB Express,,,CA,ON
Cda Logistics Inc,1233387,3586916,CA,QC
Celadon Canada Inc,183814,749731,CA,ON
Celsius Freight Inc,1194188,3558310,CA,ON
Celtic Freight Ltd,,,CA,ON
Ceva Contract Logistics Canada Inc,111307,26391,CA,ON
Ceva Logistics Canada,,,CA,ON
Cfci Logistics Inc,1795201,4528335,CA,ON
Cfl Logistics Management Ltd,1498320,3992727,CA,ON
Cgf Transportation Services Inc,358067,2225008,CA,ON
CH Express Inc,365538,823494,CA,QC
Chaine Logistique LT4 Rocket Inc,1586791,4139426,CA,QC
Challenger Logistics Inc,214599,825982,CA,ON
Challenger Motor Freight Inc,171459,247765,CA,ON
Chantler Transport Inc,879564,2536829,CA,ON
Charger Logistics Inc,629080,1715101,CA,AB
Charhdikala 7 Transport Ltd,1744512,4433066,CA,AB
Chartwell Shipping Ltd,1786993,4513029,CA,QC
Chriscott Logistics,,,CA,QC
Christina Wilkes,1417326,3871163,CA,ON
Chrobinson Project Logistics Ltd,872965,2520481,CA,AB
Cimtran Transportation Services Inc,852787,2439047,CA,ON
Clarke North America Inc,724935,2247509,CA,ON
Cleveland Bay Logistics Inc,1543624,4065818,CA,AB
Clockwork Freight Solutions Ltd,1123111,3450359,CA,BC
Clockwork Logistics Inc,326158,2223474,CA,ON
Clutch Transport,,,CA,QC
CM Logistics 2006 Inc,1819728,4573363,CA,QC
CN Worldwide Inc,044125,3039834,CA,QC
Coastal Pacific Xpress Inc,236678,423420,CA,BC
Cole International Inc,669484,2243809,CA,AB
Collective Freight Logistics Inc,1610687,4182725,CA,BC
Complete Shipping Solutions Inc,1574135,4117586,CA,AB
Conex Freight Forwarding Inc,238921,2215119,CA,ON
Congebec Transport Inc,007591,2966084,CA,ON
Connect Logistics Inc,804022,2353217,CA,ON
Connectrans,,,CA,ON
Connectrans Logistics Inc,518310,2233935,CA,ON
Connexion Transport Inc,1036404,3278968,CA,QC
Conrad Refrigerated Trucking Inc,710216,2246548,CA,ON
Conray Dymond Truck Line Ltd,258658,504722,CA,ON
Consolidated Fastfrate Inc,270178,543613,CA,ON
Containerworld Forwarding Services Inc,1587475,4129665,CA,BC
Contender Logistics Ltd,1011416,3227839,CA,ON
Continental Cartage,,,CA,AB
Continental Logistics Ltd,994192,2940214,CA,AB
Contour Logistics Inc,744205,2248684,CA,ON
Contract Express Limited,281936,582280,CA,ON
Contrans,,,CA,QC
Contrans Flatbed Group GP Inc,436935,1041297,CA,ON
Contrans Vrac Inc,263107,526958,CA,QC
Control Freight Systems Inc,1499183,3994071,CA,ON
Controlled Logistics Ltd,1627861,4214288,CA,ON
Copper Run Motor Freight Inc,294897,614922,CA,ON
Core Logistics Inc,1344225,3768259,CA,ON
Cornerstone Logisitics GP Inc,343709,2224304,CA,ON
Corporation Dynamo Logistik Inc,401077,2467509,CA,QC
Corridor Logistics,1712974,4372859,CA,ON
Country Transport,,,CA,ON
Cousin's Freight Service Ltd,605488,1853972,CA,MB
Couture Logistics Inc,1302591,3711271,CA,QC
Craler Inc,722517,2247341,CA,QC
Crisp Cargo Inc,1348118,3773591,CA,ON
Critical Freight Expedites,,,CA,ON
Critical Freight Inc,666736,3410443,CA,ON
Cross Miles Carrier Inc,1365834,3797909,CA,ON
Cross Point Transportation Inc,245144,2215354,CA,ON
Cross-Border Logistics,,,CA,ON
Crossborder Solutions Inc,633317,2241331,CA,ON
Crossborderpros Inc,1529779,4042073,CA,ON
Crossdock Systems Inc,628882,2241024,CA,ON
CS Logistics,,,CA,ON
CS Transport Ltd,668826,1846493,CA,BC
CS-1 Transportation Inc,655368,1802299,CA,ON
Csa Transportation,,,CA,ON
Cur Express Logistics Inc,1747733,4439126,CA,QC
D A B Logistics Inc,507044,1304500,CA,QC
D4 Logistics Inc,716951,2045249,CA,ON
Dailley Freight Services & Consulting Ltd,904188,2589314,CA,ON
Dancor,,,CA,ON
Dancor Freight International Inc,1792547,4523421,CA,ON
Danfreight Systems Inc,286914,591904,CA,QC
Daniel Timothy 3PL Corp,1675245,4301458,CA,ON
David Kirsch Forwarders Ltd,867871,2512717,CA,QC
Davidson & Sons Customs Brokers Ltd,139031,3193831,CA,BC
Day & Knight Brokerage Inc,1797942,4533506,CA,ON
Day & Ross Inc,739798,2248397,CA,NB
Deal Made Express Inc,1644461,4244837,CA,ON
Dedicated Freight Systems,,,CA,ON
Dedicated Trans Inc,1398587,3843572,CA,ON
Del Corona & Scardigli Canada Inc,855017,2489360,CA,QC
Delcorp,,,CA,QC
Delcorp Entreprises Inc,1489055,3978803,CA,QC
Delve Logistics,,,CA,QC
Demand Logistics Inc,632473,2241274,CA,ON
Depart Transport Inc,1245130,3633166,CA,QC
Design Transport Ltd,1167965,3519896,CA,BC
Destination Logistics Inc,687658,2244987,CA,QC
Devson Freightways Ltd,662207,2243360,CA,BC
DF Logistic,,,CA,QC
Dfs,,,CA,QC
Dfs Projects,,,CA,ON
Did Logistics Inc,1707944,4180875,CA,ON
Directright Cartage 2001 Inc,414371,975417,CA,ON
Diversco,,,CA,ON
Diversco Systems Inc,995038,2940720,CA,ON
Divine Freightlines Inc,1283912,3685892,CA,AB
Dlvrd Freight Inc,1514431,4017505,CA,QC
Dockpoint Logistics Inc,1773573,4487898,CA,ON
Docktor Freight Solutions,,,CA,AB
Domeleaf Logistics Inc,1473957,3956135,CA,QC
Don Anderson Haulage Limited,849947,167645,CA,ON
Doncan Supply Chain Inc,053741,3058341,CA,ON
Donkey Trucks Logistics Ltd,1812049,4559521,CA,AB
Doon Valley Logistics,,,CA,ON
Dorsia Logistics,,,CA,ON
Dps Logistics,,,CA,AB
Drayworld Logistics Inc,1551033,4078507,CA,ON
Dream Big & Company,,,CA,ON
Drumbo Transport Limited,178700,252302,CA,ON
Dsv Road Inc,930608,2813684,CA,ON
Dts Freight Systems Ltd,1160290,3508130,CA,MB
Dubo International Logistics Inc,1217299,3592440,CA,QC
Dubois Global Logistics Inc,771253,2264407,CA,MB
Duke Freight,,,CA,ON
Duo Force Logistic Inc,1545098,4068417,CA,QC
DV Logistics Inc,672666,2244031,CA,QC
DV Logistiques,,,CA,QC
Dws Logistics Inc,940786,2824507,CA,ON
Dynaload Corp,862395,2495825,CA,ON
Dynamex,,,CA,ON
Dynamic Connections Ltd,667647,2243681,CA,ON
Dynamic Procurement Solutions Inc,1128123,3458492,CA,AB
Dynatrans Logistics Inc,854866,2476880,CA,QC
Eassons Transport Ltd,195322,245869,CA,NS
Eastern Door Logistics Inc,1792290,4253357,CA,NL
Ecc Transportation Inc,859013,2487732,CA,QC
Eco Logix Inc,1618639,4197435,CA,ON
Ecofleet Global Limited,1795321,4528574,CA,ON
Economical Freight Solutions Inc,979589,2891978,CA,ON
Efsi,,,CA,ON
Elden Logistics Solutions Inc,1725107,4396138,CA,ON
Elegant Cargo Group Inc,1666121,4284529,CA,ON
Eli Logistics & Brokerage Inc,1122990,3450174,CA,ON
Elite Logix Inc,896371,2572106,CA,ON
Emballages Marcan Inc,1734408,4414054,CA,QC
Emerald Transport Group Inc,1495852,3988949,CA,ON
Encompass Transportation Services Ltd,1808037,4552240,CA,ON
Energy Express Trucking Inc,733963,2104504,CA,QC
Energy Logistics Inc,611798,2239807,CA,QC
Enzo Logistics Incorporated,1567257,4105932,CA,ON
EP Logistics Inc,557292,1476443,CA,ON
Equipment Express Inc,246509,26492,CA,ON
Erb,,,CA,ON
Erb Transport Limited,139212,137623,CA,ON
Ermis Logistics Inc,1738494,4421673,CA,BC
Essence Transport Corp,1151691,3495202,CA,QC
ET Transport,,,CA,ON
Etlas Freight,,,CA,ON
Ets Express Ltd,153353,3196756,CA,AB
Eureka Cargo Ltd,1585169,4136712,CA,ON
Ever Green Freight Inc,1596784,4156818,CA,ON
Everest Group Logistics Inc,001832,2955868,CA,ON
Everflow Logistics Ltd,1734871,4414944,CA,BC
Everyday Freight,,,CA,ON
Everyday Freight Logistics Inc,838307,2479649,CA,ON
Everypoint Logistics Hudson,,,CA,QC
Everypoint Logistics Solutions Inc,401514,935541,CA,QC
Excellence Logistique,,,CA,QC
Expedite Plus Inc,551740,963848,CA,ON
Explorer Logistics Inc,,,CA,QC
Express Gmci,,,CA,QC
Expressway Logistics Inc,108082,3156378,CA,ON
Expro Transit Inc,345043,2224374,CA,QC
Exquisite Trucking Ltd,443356,1060840,CA,BC
F F Express,,,CA,ON
Fab Freight Inc,695843,2245587,CA,MB
Fairway Transportation Inc,1590912,4146518,CA,AB
Falco Logistics Inc,1014328,3233668,CA,ON
Falcon International,,,CA,QC
Falcon International Legault Van Gent Inc,1636678,3759020,CA,QC
Falcon Rush Logistics Inc,1461296,3937542,CA,ON
Fargo Transportation Services Limited,270553,2216439,CA,ON
Fast Force Logistics Inc,994894,2941499,CA,ON
Fast-Logistics Inc,1668748,4289442,CA,ON
Fastway Express International,1581974,4131200,CA,ON
Favel Transportation Inc,506768,1306401,CA,SK
Fbi,,,CA,ON
Ferrari Freight Services,,,CA,ON
Fil Delivery Inc,1714965,4376559,CA,ON
Final Mile Logistics Inc,1371288,3805404,CA,ON
Finish Line Freight Forwarding Ltd,1447054,3916095,CA,AB
First Call Transportation Service Inc,719010,2247114,CA,ON
First Choice Logistics,,,CA,ON
First Frontier Logistics Inc,853510,2481502,CA,ON
Fits Logistics Inc,932670,2800537,CA,SK
Flash Freight Sytems,,,CA,ON
Flashbee Connect,,,CA,ON
Flashbee Logistics Inc,1732754,4410885,CA,ON
Flatbed Logistics,,,CA,QC
Fleet,,,CA,ON
Fleetnix,1727571,4401003,CA,NS
Fleetway Transport Inc,238594,451754,CA,ON
Flexspace Logistics Inc,1282477,3683895,CA,ON
Flinkfreight,,,CA,ON
Flowgistics Inc,1137814,3473818,CA,ON
Fls Transportation Services Limiited,208433,2214142,CA,QC
Fmi Logistics Inc,969896,2888303,CA,AB
Focus West Logistics Ltd,1720234,4331888,CA,BC
Forbes Hewlett Logistics Inc,644715,2242123,CA,ON
Formule Transit Inc,447914,660721,CA,QC
Fortus Group Inc,905987,2597460,CA,QC
Forty One Supply Chain Solutions,1079896,3369056,CA,ON
Fourwinds Freight System Inc,1675041,4301051,CA,ON
Fox Freight,,,CA,QC
Fox's Transport Ltd,170571,238598,CA,AB
FR8 Nexus Inc,1689939,4328939,CA,ON
FR8ER Logistics Inc,133879,3189209,CA,ON
Fraser Direct Logistics Ltd,600460,2238979,CA,ON
Fredalex Press Inc,509487,1314893,CA,QC
Freight Brokers International Corp,673831,2244099,CA,ON
Freight Club Llc,985996,2923303,CA,BC
Freight Express Canada Ltd,1632226,4222341,CA,AB
Freight Fusion Logistics Ltd,1665976,4284284,CA,BC
Freight Guardian Solutions Inc,1686969,4323066,CA,ON
Freight IN Motion Brokerage Ltd,735135,2248091,CA,ON
Freight King Logistics Solutions Ltd,1792944,4524147,CA,BC
Freight North Carriers Inc,543691,1438844,CA,AB
Freight North Logistics Inc,1567209,3209219,CA,AB
Freight Plus International,,,CA,ON
Freightberg Logistics Ltd,1400314,3846052,CA,BC
Freightcom Inc,709558,2246508,CA,ON
Freightmate Inc,246828,2215445,CA,ON
Freightsimple,,,CA,BC
Freightsimple Technologies Inc,1604028,4170539,CA,BC
Freightzy Inc,1091490,3394388,CA,ON
Freshbound Transportation & Logistics Inc,1353998,3781711,CA,ON
Frontier Distribution Services Inc,558749,1482114,CA,ON
Frontier Expediting Inc,106320,3153784,CA,BC
Frontier Transport Ltd,1361809,3792462,CA,AB
Frontline Carrier Systems Inc,594415,2238540,CA,ON
Fuel Transport Inc,480291,1322452,CA,QC
Fulger Transport Inc,850952,1638950,CA,ON
Full Spectrum Logistics Canada Inc,1630246,4218652,CA,ON
Fusion Logistics Networks Inc,612702,2239866,CA,ON
Fuze Logistics Services Inc,1116314,3438855,CA,QC
G & M Stewart Trucking Ltd,012440,762905,CA,ON
G Charles Taylor & Associates Inc,1487374,3976256,CA,ON
G Roch Consultant Ltd,185717,1611331,CA,QC
G&D Freight System Inc,1739062,4422758,CA,ON
G&H Logistics Inc,489240,1273075,CA,QC
G2 Logistics Inc,393126,2226942,CA,MB
Galaxy Freightline Inc,662489,1825967,CA,ON
Gap Logistique DE Transport Inc,1599673,4162324,CA,QC
Gateway Freight Systems Inc,273980,2216599,CA,ON
GD Freights,,,CA,ON
Genesis Express & Logistics Inc,325755,704911,CA,ON
Genesis Supply Chain Services Ltd,771765,2281566,CA,ON
Genesis Transportation Services Inc,1384705,3823982,CA,ON
Gestion 2000,,,CA,QC
Gestion Michel Chicoine Inc,383634,879860,CA,QC
Gestion Thibert Ducharme Inc,1783429,4506369,CA,QC
Getrans Logistics Ltd,124550,3178772,CA,BC
GG Max Brokers Inc,1329418,3748103,CA,ON
Ghawk Inc,1168778,3521109,CA,ON
Ghost Transportation Services,,,CA,SK
Gibco Enterprises Limited,681623,2244616,CA,ON
Gilmyr Logistique Inc,501618,1289209,CA,QC
Gitbu Logistics Inc,1232051,3614103,CA,QC
Glj Logistics,,,CA,QC
Global Cargo Connect Brokers Inc,1774912,4490346,CA,ON
Global Freight Link Inc,1592595,4149427,CA,ON
Global Freight Services,,,CA,ON
Global Legacy Logistics Corp,1590897,4146492,CA,MB
Global Logistic Management Service Inc,080848,3107359,CA,ON
Global Transportation Systems Ltd,1008358,3221629,CA,AB
Globex,,,CA,ON
Globex Freight Solutions Inc,1617369,4195142,CA,BC
Globex Logistics Inc,607717,2239515,CA,ON
GM Supply Chain Solutions Inc,1716487,4379462,CA,ON
Gmj Logistique Inc,1803776,4544146,CA,QC
Gmr Freight Brokers,,,CA,QC
Gns Freight Solutions,,,CA,BC
Gns Solutions Inc,705615,2246196,CA,BC
GO Best Logistics Inc,,,CA,ON
Gocold Solutions Inc,1462442,3939202,CA,ON
Gold Arrow Freight Inc,1633098,4223963,CA,ON
Gold Freight Logistics Inc,1271612,3669138,CA,ON
Golden Temple Transport Ltd,1015747,3236498,CA,MB
Goldlink Logistics,,,CA,ON
Goods Sailing Brokerage Inc,1792967,4524202,CA,AB
Grace Transport Inc,295084,611104,CA,ON
Grain ST Laurent Freight Services,,,CA,QC
Grain ST-Laurent Inc,1730451,4406480,CA,QC
Grand Porter Logistics Inc,831107,2422978,CA,ON
Grand River Express Inc,1802747,4542299,CA,ON
Grant Transport Inc,278842,575236,CA,BC
Great Broker Logistics Inc,1461036,3920192,CA,AB
Great Freight Connectors Inc,1654342,4263011,CA,ON
Great Goose Logistics Inc,1460463,3936259,CA,ON
Great Lakes Logistics,979576,2908812,CA,ON
Great Northern Trans-Port Inc,557205,2236178,CA,AB
Greatwork Logistics Group Inc,1778815,4497559,CA,NB
Greenlight Traffic And Distribution Inc,901684,2583013,CA,ON
Greenway Logistics Inc,137154,3191528,CA,ON
Greenx Ltd,1751794,4446890,CA,AB
Greybrook Freight Management Inc,266636,2216274,CA,ON
Griffin Logistics Ltd,735946,2110909,CA,AB
Groundlinx Logistics Limited,122733,3176258,CA,ON
Groupe Action Transport,,,CA,QC
Groupe Reflexion Logistique Inc,634019,2241388,CA,QC
Groupe Tyt Inc,192959,253679,CA,QC
Gryphon Transportation Logistics Inc,1128652,3459333,CA,ON
GS Groupgo Smooth Logistics,,,CA,ON
Gsm Freight Inc,1114205,3435382,CA,ON
Gstar Express Inc,1530882,4043988,CA,ON
GT Logistics Solutions,,,CA,QC
Gti Global Freight Systems (2014) Inc,732377,2247922,CA,QC
Gti Roll Transportation Services Inc,855944,2859160,CA,QC
Guilbault International Transport Inc,170394,238604,CA,QC
Guilbault Logistique Inc,1406489,3855157,CA,QC
Gws Logistics,,,CA,ON
H G C Logistics Inc,1202065,3569750,CA,ON
H-Four Logistics Inc,865562,2506355,CA,ON
H&H Supplychain Group Ltd,1633940,4225600,CA,ON
Hamilton Container Terminal Inc,1673198,4297624,CA,ON
Har-Trans Freight Service Inc,1529394,4041403,CA,ON
Harbex Group Inc,1694126,4337129,CA,ON
Harnois Energies Inc,885047,2548382,CA,QC
Harper Freight Management,,,CA,QC
Hartwick O'shea & Cartwright Ltd,866872,2520487,CA,ON
Haul Masters Freight Brokerage Inc,1656318,4266622,CA,ON
Haulage North America Inc,1446028,3914454,CA,ON
Hauler Woodsview Freight Inc,1639529,4235884,CA,ON
Hawk Logistics Ltd,1072710,3354041,CA,SK
Hbh Canada Inc,1574245,4117800,CA,NS
Heart Logistics Inc,1788182,4515229,CA,ON
Hemisphere Freight & Brokerage Services Inc,1813622,4562441,CA,ON
Hemo Logistics Inc,665528,1835912,CA,ON
Hensall District CO-Operative Incorporated,845981,2442300,CA,ON
Heritage Northern Logistics Inc,1042890,3292519,CA,ON
High Spirits Group Inc,1734963,4415115,CA,ON
Highlight Logistics Inc,074165,3095094,CA,ON
Highway Motor Freight Ltd,963444,2872602,CA,MB
Hillis Logistics Inc,1559442,4059523,CA,ON
Hitek Logistic Inc,786500,2309140,CA,QC
Hms Connects Inc,1694297,4337455,CA,ON
Hope Systems Inc,844428,890098,CA,ON
Horizon Fast Freight Inc,1464259,3941938,CA,ON
Hot Freight International Inc,428706,2229050,CA,ON
Hrm Logistics Inc,1654087,4262553,CA,ON
Hts Freight Logistics,,,CA,ON
Hts International Inc,244534,2215335,CA,ON
Hudson Logistics Services Inc,1762941,4467843,CA,QC
Hunt's Transport Ltd,334269,730715,CA,NL
Hunter 3PL Ltd,119127,3171992,CA,ON
Hunter Express Ltd,523475,1368661,CA,ON
Huronia Transporation Sales Intl (2010) Inc,775163,2285265,CA,ON
I-Way Logistics Inc,1549733,3431389,CA,ON
Ibs Freight Inc,910570,2628510,CA,ON
Icap Logistics,,,CA,ON
Icd Logistics Inc,1604643,4171629,CA,ON
Icon Motors Ltd,1719934,4385768,CA,ON
Icon Transportation Logistics Ltd,849657,2465522,CA,ON
Ideal Logistics Group Inc,652406,1791936,CA,ON
Iel Canada Brokerage Ulc,060187,3069487,CA,ON
Ifs International Freight Systems Inc,193914,297996,CA,ON
Ifs Logistics Ltd,785356,2315400,CA,ON
Ignis Logistics Inc,1063909,3336012,CA,ON
Ignition Freight Solutions,,,CA,AB
Ihaul Trucklog Group Inc.,1278125,3678098,CA,ON
Immense Trucking Solutions Ltd,1618820,4197774,CA,ON
Impact Transportation Services Inc,639879,2241799,CA,ON
Impel Transport Ltd,430802,1018885,CA,MB
Imperium Logistics Group Inc,1733677,4412662,CA,BC
Impes Freight Inc,1654660,4263545,CA,AB
Independent Traffic Management,,,CA,ON
Independent Transit Systems,,,CA,ON
Inglobal Resources Inc,1523262,4031511,CA,ON
Insight Global Logistics Ltd,067241,3082133,CA,ON
Instant Logistics Corp,1584263,4135128,CA,ON
Integrated Freight Networks Inc,458529,2230773,CA,QC
Integrated Transportation Group Inc,547562,2235628,CA,ON
Integrity Transportation Logistics Inc,1062552,3333171,CA,ON
Interlane,,,CA,ON
Interlane Logistics Inc,1170880,3524223,CA,ON
International Carriers Tilbury Inc,843533,2452596,CA,ON
International Freight Forwarders,,,CA,ON
Investissements B E S T Inc,1038826,3284144,CA,QC
Ipartner Logistics Inc,1654165,4262678,CA,ON
Ippolito Transportation Inc,367413,795930,CA,ON
Iron Fire Logistics Inc,1795401,4528716,CA,ON
Iron Horse Transportation,,,CA,QC
Isg Transportation Inc,289499,2221530,CA,ON
Itl,,,CA,ON
J M F Transport 1992 Ltee,169991,239513,CA,QC
J M Transit Inc,293313,617156,CA,QC
J R Logistics Ltd,452325,1090719,CA,AB
J&H 13 Logistics Ltd,1615246,4191116,CA,BC
Jaago Inc,1009808,3224582,CA,ON
Jacetrucklines Ltd,1486834,2399449,CA,BC
Jadestone Enterprises Inc,996269,2944165,CA,MB
Jam Atkinson Ltd,641093,1728520,CA,ON
Jam International Logistics,,,CA,QC
Jardine Transport Ltd,147172,196818,CA,NB
Jcil Transport,,,CA,ON
Jcs Logistics Ltd,1631313,4220666,CA,BC
Jdi Logistics Inc,601629,2239059,CA,NB
Jdw International,,,CA,ON
Jet Express Inc,099171,3141095,CA,AB
Jet Set Freight Services Inc,1501870,3998108,CA,BC
Jfx International Ltd,1777948,4495977,CA,ON
JJ Transport Incorporated,689837,2042203,CA,AB
Jmd Corporation,589606,2238217,CA,ON
Jnb Enterprises Inc,1633163,4224086,CA,ON
Joemi Mfg Ltd,1713995,4374697,CA,ON
Joexpress & Transport Inc,477511,2231797,CA,ON
Joh Logistics,,,CA,ON
Jolly Farmer Transport Inc,495130,1265986,CA,NB
Journey Freight International Inc,373621,2225812,CA,QC
Jpandit Consultants Inc,1518019,4023171,CA,AB
Jpx Logistics Inc,408559,2227848,CA,MB
Just Miles Inc,1791547,4521512,CA,ON
Just Ship IT (Worldwide) Logistics,,,CA,ON
Jva Logistique Inc,1672511,4296352,CA,QC
K & T Transport Ltd,690885,2245225,CA,NB
K A T Logistics Inc,1531551,4045082,CA,AB
K-E-Y International,,,CA,ON
Kabba & Amir Investments Inc,1796910,4531540,CA,ON
Kaide X Transportation Services Inc,902307,2578415,CA,ON
Kaiser Logistics Incorporated,657077,2243008,CA,NS
Kaljen Logistics Inc,637389,2241625,CA,MB
Kanalink Ltd,1592227,4148826,CA,ON
Kanhai Consulting Inc,1691952,4332888,CA,ON
Kap Global Inc,1606693,4175354,CA,ON
Karma Logistics,,,CA,QC
Karmar Delivery Service Inc,1489585,3342188,CA,ON
Keltic Freight Services Inc,613488,2239916,CA,NB
Keltic Logistics,,,CA,NB
Kenmar Consulting Inc,1610372,4182107,CA,ON
Kesnoh Inc,1164650,3514874,CA,ON
Kevin Patterson Transport Inc,256836,495651,CA,QC
Key Factor Freight Management Inc,294531,2221865,CA,ON
Key West Express Ltd,662906,1827329,CA,BC
Keypoint Carriers Limited,393618,908748,CA,ON
Keystone Western Inc,221116,456043,CA,MB
Khattra Transport Inc,1619192,4198427,CA,ON
Kim Tam Logistics Inc,078096,3102451,CA,ON
Kindersley Transport Ltd,182709,275741,CA,SK
King Load Freight Solutions Inc,1760469,4463258,CA,ON
Klare Logistics Inc,1176337,3532283,CA,ON
Kleysen Group Ltd,126706,36242,CA,MB
Kli Brokerage,,,CA,ON
Klitzke Farm Logistics Ltd,1111907,3431471,CA,ON
Klutch Logistics Inc,1757164,4457052,CA,BC
Kml Logistics Group Inc,908332,2594747,CA,ON
KN Logistics Solutions,,,CA,ON
Koa Logistics Ltd,1533519,4048398,CA,ON
Konink Logistics Inc,957586,2859107,CA,ON
Kooi Trucking Inc,889523,2560887,CA,ON
Koz Transit,,,CA,QC
Kriska Holdings Ltd,216528,297060,CA,ON
Kriska Transportation,,,CA,ON
Kti Logistics Ltd,722297,2247322,CA,AB
Kts Logistics Inc,079629,3104910,CA,ON
Ktx Transport Ltd,1130167,3461724,CA,BC
L3M Freight Solutions Inc,713546,2246765,CA,ON
LA Compagnie C H Robinson Canada Ltee,,,CA,ON
Lactopur Inc,997066,2945787,CA,QC
Laidlaw Carriers Bulk GP Inc,436937,1041309,CA,ON
Laidlaw Carriers Van GP Inc,436930,1041258,CA,ON
Lakeport Brokerage Inc,1053333,3314238,CA,ON
Lakeside Trucking Windsor Inc,1023632,3252007,CA,ON
Landbridge Logistics Ltd,591895,2238380,CA,BC
Landrun Logistics Inc,1815989,4566836,CA,QC
Laneway Logistics,,,CA,ON
Lansing Transport Services,1428151,3887474,CA,ON
Lantrax Logistics Ltd,663985,2243468,CA,BC
Laser Transport Inc,189362,391004,CA,ON
Latin American Cargo,,,CA,QC
Lazr Freight Inc,1079630,3368401,CA,QC
LE Ciel Bleu Express,,,CA,QC
Leading Freight Solutions Inc,1637404,4231944,CA,ON
Legacy Freight Global,,,CA,QC
Legacy Freight Global Inc Heritage Logistique Global Inc,1765288,4407368,CA,QC
Legacy Supply Chain Services Inc,510951,2233523,CA,ON
Lepus Group Inc,1716478,4379447,CA,ON
Les Courtiers EN Transport Gmr Inc,804665,2354078,CA,QC
Les Entreprises Truck N Roll Inc,312876,670154,CA,QC
Les Etablissements Dubois Ltee,180760,241859,CA,QC
Les Logistiques Loyal Express Inc,476908,1191004,CA,QC
Les Services DE Transport Bruce Wallace,,,CA,QC
Les Systemes Daniel Brousseau Inc,843285,2450110,CA,QC
Liberate Logistics Ltd,1374746,3810174,CA,BC
Linamar Transportation Inc,298317,269228,CA,ON
Lincoln International Freight Services Inc,1097210,3406114,CA,ON
Line-Drive Transportation Inc,502918,1274224,CA,ON
Linear Logistics Ltd,834698,2427340,CA,AB
Linkr Logistics Inc,915595,2637972,CA,QC
Lion Force Transport Inc,976776,2902802,CA,ON
Little Jet Transport Ltd,1444075,3911550,CA,BC
Livingston International Inc,531089,2234669,CA,ON
Livingston Transportation Inc,458736,2230784,CA,ON
Lmc Transportation Inc,501088,2233010,CA,AB
Loaded Carriers Ltd,1804038,4544674,CA,ON
Loadem Logistics Inc,748510,2248942,CA,ON
Loadex Logistics Inc,1802175,4541252,CA,ON
Loadify,,,CA,ON
Loadmart Inc,1549975,4076748,CA,ON
Loads Unlimited Inc,1711966,4370955,CA,ON
Loadtech Enterprises Ltd,1491361,3956753,CA,BC
Loblaws Inc,1183076,2424455,CA,AB
Lodestar Freight Solutions Inc,697544,2420881,CA,ON
Logicology Logistics Inc,1127678,3457776,CA,BC
Logikor Inc,534643,1411295,CA,ON
Logiqc,,,CA,QC
Logispot Inc,1625084,4209039,CA,ON
Logistic Distribution Inc,934596,2803880,CA,ON
Logistic Tycoons Inc,1562235,4097286,CA,ON
Logistics Alliancethe Logistics Alliance 3 Inc,,,CA,ON
Logistics And Customs Services Inc,893858,2567370,CA,ON
Logistics Decisions Inc,1568325,4107742,CA,ON
Logistics Freight Management Inc,1191207,2906277,CA,ON
Logistics Group OF Open Box Inc,1721196,4388292,CA,BC
Logistique Canamex Inc,900978,2597939,CA,QC
Logistique Explorer Inc,1548713,4074567,CA,QC
Logistique Maricam Inc,082442,3110493,CA,QC
Logistique Xtreme International Inc,944121,2830831,CA,QC
Logistiques Barnes Logistics Inc,447961,2230172,CA,QC
Logistiques Chriscott Inc,566684,2236748,CA,QC
Logistiques Kangaroo,,,CA,QC
Lone Wolf Holdings Ltd,1272267,3670053,CA,BC
Long Road Logistics Ltd,1665961,4284249,CA,AB
Lorenko Distribtution,,,CA,ON
Lorenko Distribtution Corporation,848505,2460509,CA,ON
Lot Logistics Inc,1090151,3391655,CA,ON
Lotus Terminals Ltd,1049948,3307286,CA,BC
Lowfreightrate CA Ltd,075139,3096784,CA,ON
Loyal Express Logistics,,,CA,QC
LT4 Rocket Supply Chain Inc,,,CA,QC
Lucchem Group Inc,1607180,4176278,CA,ON
Lumico Logistics Inc,996540,2944716,CA,ON
M G D Inc,1256291,3647967,CA,QC
M R Fast Freight Inc,354591,2224799,CA,ON
M-Cube Logistics Inc,1614361,4189547,CA,ON
M&J Total Transport & Rigging Inc,846155,2451149,CA,NS
M&M Supply Chain Solutions Ltd,979675,2908996,CA,BC
Mactrans Logistics Inc,668741,2243762,CA,ON
Madi Movers Llc,1780409,4500601,CA,ON
Maersk Logistics & Services Canada Inc,469295,2231361,CA,ON
Magnitude Transportation Solutions Ltd,1296172,3702616,CA,BC
Mallard Transportation Services Inc,647752,2242334,CA,NB
Mander Bros Enterprises Ltd,854788,2487738,CA,BC
Manitoulin Logistics Inc,612452,2239851,CA,ON
Manney Transport Ltd,691868,1941466,CA,BC
Mannley Logistics,,,CA,ON
Mannley Transport Inc,993143,2938077,CA,ON
Mantoria Inc,021956,2996822,CA,QC
Marker Freight Inc,1815063,4565077,CA,ON
Marketrans Transportation Services Inc,1756001,4451620,CA,QC
Marpole Transport Limited,134060,12004,CA,BC
Marthas Brokerage,,,CA,QC
Marvelous Freight Inc,1337081,3758533,CA,ON
Matic Logistic Solutions Inc,1273552,3671805,CA,ON
Matrix Cargo Logistics Inc,1652794,4260314,CA,AB
Matrix Transportation Solutions,,,CA,ON
Maybach Logistics Ltd,1358179,3787524,CA,BC
Maye Transport Inc,188452,266663,CA,ON
MC Freight Systems,,,CA,BC
MC4 Logistics Ltd,1596965,4157146,CA,ON
Mcgill Transportation Inc,957082,2858181,CA,ON
Medlog Canada Inc,1106310,3421764,CA,QC
Megamind Transportation Inc,1487016,3975731,CA,AB
Mehar Aman Logistics Inc,1275852,3674993,CA,ON
Mehrasan Logistics Inc,1576841,4122247,CA,ON
Mekiee's Logistics Inc,1732134,4409709,CA,BC
Melburn Truck Lines Corp,355394,798352,CA,ON
Metaforce Logistics Inc,1515052,4018510,CA,ON
Mexicom Logistics,,,CA,QC
Mexuscan Cargo Limitee,354380,791035,CA,QC
Mga International Logistics Ltd,114286,3165608,CA,ON
Mgf Logistics Inc,1146548,3487276,CA,ON
MI Way Transport,,,CA,ON
Mid State Group OF Companies Ltd,1134937,3469123,CA,NS
Mid-West Traffic Inc,181030,272824,CA,ON
Midav Freight Logistics Inc,034843,3021981,CA,ON
Midemide Logistics Inc,1583923,4134533,CA,ON
Midland Brokerage Limited,1637074,4231341,CA,NB
Midland Logistics Limited,869825,2513592,CA,NB
Midland Transport Limited,150430,180155,CA,NB
Mighty Expedite,,,CA,ON
Mike Poirier Transport & Logistics,,,CA,MB
Mile End Logistics,,,CA,QC
Miles Motor Freight Inc,1682014,4314028,CA,ON
Mill Creek Motor Freight Limited,685846,2244870,CA,ON
Minzan Incorporated,1517203,4021891,CA,ON
MJ Express,,,CA,ON
Mjs Ameritrans Logistics Inc,609766,2239660,CA,QC
Mks Enterprises Inc,805010,2357239,CA,BC
Modelkite Inc,193031,3203547,CA,ON
Mojisons Ltd,1757260,4457232,CA,AB
Mojisons Transport,,,CA,AB
Monarch Transport (1975) Ltd,327651,709728,CA,AB
Mont's ON-Time Express Inc,556356,1473784,CA,ON
Moon-Star One Ltd,1266432,3661973,CA,ON
Moov Company,,,CA,QC
Morneau Global,,,CA,QC
Mosaic Logistics Inc,641832,2241931,CA,ON
Motherload Transport Services Inc,555541,2236076,CA,BC
Mountain View Packers Ltd,848528,2467106,CA,NB
Move Master Logistics Inc,1756308,4455427,CA,ON
Mpm Logistix Inc,1435451,3898518,CA,QC
Mullen Oilfield Services LP,,,CA,AB
Mullen Oilfield Services Ltd,531383,1399499,CA,AB
Mullen Trucking Corp,144953,158799,CA,AB
Multi Temp Trans,,,CA,QC
Multi-National Logistics,,,CA,AB
Multi-Temp Freight Solutions Inc,621498,2240454,CA,BC
Multimode Transportation Inc,1666052,4284411,CA,ON
Mutual Transportation Services Inc,305542,2222452,CA,ON
Myc Transportation Inc,745733,2143244,CA,ON
NA,,,CA,AB
Nad Logistics,,,CA,ON
National Cold Chain Inc,046438,3044474,CA,ON
National Freight Services Inc,1790656,4519833,CA,AB
National Shippers & Receivers Inc,847307,2475783,CA,MB
National Transportation Carriers Inc,839432,2447073,CA,ON
Nationwide Transport BD Ltd,1598858,4160666,CA,ON
Nats North America's Transportation Service Inc,371503,2225719,CA,ON
Navig8 Freight Inc,1649534,4254216,CA,BC
Navigator Enterprises Ltd,792918,2322800,CA,BC
Navior Logistics Inc,1811877,4559214,CA,ON
Ncc Logistics Canada Inc,1760062,4462487,CA,ON
Network Freight Solutions Inc,1136335,3471415,CA,QC
New Deep Trucking Inc,1159781,3507356,CA,MB
New Hope Transport Ltd,244517,496164,CA,MB
Newco Logistics,,,CA,SK
Newell's Express Worldwide Logistics Ltd,1404211,3851782,CA,ON
Newton Holding Ltd,1481812,3967881,CA,AB
Nexora,,,CA,QC
Nexroute Freight Ltd,1734301,4413838,CA,ON
Next UP Logistics Inc,1805787,4547913,CA,BC
Nexx Freight Ltd,1706239,4360480,CA,BC
Nicodan Logistic Services Ltd,1204693,3573746,CA,NB
Nicole Osborne,1568279,4107649,CA,ON
Nixon Logistic Solutions,,,CA,ON
Normandin Transit Enr,,,CA,QC
Normandin Transit Inc,275945,558713,CA,QC
North American Distribution Log Inc,886305,2788182,CA,ON
North American Freight Forwarding Inc,100208,3142432,CA,ON
North American Logistics Services Inc,1689160,4327371,CA,ON
North Cross Logistics Ltd,1653274,4261129,CA,MB
North Lane Inc,120399,3173435,CA,AB
North Plus Nexus Inc,1305903,3715775,CA,ON
North Side Logistics,,,CA,ON
North X International,,,CA,QC
Northern Wolves Logistics Inc,1585728,4137678,CA,ON
Nova One Logistics Solutions,,,CA,QC
Nox Logistics Inc,1764449,4470759,CA,ON
Nox Transport Incorporated,090030,3124957,CA,ON
NS Trucking Inc,1032617,3270965,CA,ON
NU-Era Logistics Inc,640025,1819131,CA,ON
Nuage Logistics Incorporated,1026666,3258226,CA,QC
Nuquest Integrated Services Inc,787031,2305277,CA,ON
Nvya Logistics Inc,1743018,4430137,CA,ON
O J Ventures Ltd,199468,290196,CA,BC
Oakroad Logistics Inc,1140751,3478424,CA,QC
Ocam Logistics Inc,1562917,4098479,CA,ON
Ocean Blue Trucking Ltd,678804,1882616,CA,BC
Oceanex Inc,936252,1621763,CA,QC
Octane Logistics Inc,1625642,4210132,CA,ON
Offshore Canada Logistics Inc,978523,2906921,CA,ON
Ojibway Transportation Inc,541562,2235296,CA,ON
Omega Morgan Canada Inc,915703,2631173,CA,AB
Omni Freight Logistics Inc,1798770,4534986,CA,ON
Omnispheres Inc,1737554,4419907,CA,QC
Omnitrans Inc,040099,3032368,CA,QC
ON Time Events & Logistics Inc,1163814,3513569,CA,ON
One Choice Logistics Inc,918549,2642667,CA,ON
One Reimer Advantage Inc,205031,312704,CA,BC
Onetrans Logistics Inc,1721053,4388026,CA,ON
Onpoint Cargo Services,,,CA,MB
Ontario New England Express Inc,874627,2524110,CA,ON
Ontario Potato Dist Alliston Inc 1991,927986,2797951,CA,ON
Onyx Freight Inc,873849,2522100,CA,ON
Opdi Logistics,,,CA,ON
Orangeway Logistics Inc,1517129,4021778,CA,ON
Orbit Motor Freight Inc,953324,2844390,CA,ON
Orca Transport,,,CA,ON
Organo International Inc,1360856,3791163,CA,ON
Oris Intermodal Ltd,1276011,3675223,CA,ON
Orlicks Inc,1593527,3622559,CA,AB
Osorio Transport Inc,1454851,3927848,CA,ON
Over The Hills Logistics Ltd,1245455,3632486,CA,ON
Overseas Forwarding Company Ltd,109557,3158572,CA,QC
P & B Transport,,,CA,QC
Pacer Air Freight Ltd,967398,2172149,CA,ON
Pacex Package Express Inc,374511,712368,CA,ON
Pacex Transportation Solutions,,,CA,ON
Pacific Coast Distribution Ltd,164756,3199770,CA,BC
Pacific Tenada Freight Llc,1613360,4187718,CA,BC
Paige Logistics Ltd,137946,3193460,CA,BC
Paragon Freight Solutions Inc,1786247,4511550,CA,ON
Paramount Pathways Inc,1645246,4246306,CA,ON
Partners IN Transport,,,CA,ON
Patriot Logistics Inc,1735473,4416016,CA,BC
Paxpro Logistics Inc,1187050,3547804,CA,ON
Payne Transportation Ltd,846196,834269,CA,MB
PC Trucking Inc,722491,2066090,CA,PE
Pcb Freight Management Ltd,637395,2241626,CA,BC
PD Freight Services,,,CA,AB
Peerless Logistics Inc,905944,2628935,CA,ON
Penner International Inc,170594,36281,CA,MB
Perlitch Transport Inc,1098738,1874506,CA,QC
Phoenix Logistics,,,CA,ON
Pink Logistic Inc,1793501,4525195,CA,AB
Pinnacle Freight Specialists Inc,741187,2248482,CA,ON
Pinnacle Logistics Solutions,,,CA,ON
Pioneer Transport Inc,762020,332212,CA,NB
Pival Expedite,,,CA,QC
Pival International Inc,661348,2002093,CA,QC
PK Worldwide Inc,1514861,4018201,CA,ON
Playbook Logistics Inc,000486,2953517,CA,BC
Pnt Logistics Inc,1584140,4134921,CA,BC
Polaris Global Logistics Inc,456145,2230619,CA,ON
Polaris Supply Chain Management Inc,1537924,4055818,CA,ON
Portway Logistics Ltd,1766100,4473956,CA,BC
Power Link Expedite Corporation,858792,2487176,CA,ON
Power Link Freight,,,CA,ON
Power Logistics Group Ltd,1647794,4251030,CA,ON
Powerline Logistics Services Inc,790912,2321423,CA,ON
Powerlink Transport Inc,1227472,3607365,CA,ON
Prairie Dog Contracting Ltd,750076,2249042,CA,AB
Praxis Logistics Solutions Inc,1793026,4524304,CA,ON
Prc Trucking Ltd,905521,2584541,CA,ON
Precision Freight Systems Inc,624045,2240653,CA,MB
Precision Specialized Inc,1024207,3253103,CA,ON
Precision Supply Chain Services,,,CA,ON
Premier,,,CA,ON
Premier Bulk Logistics Inc,107544,2927968,CA,ON
Premier Bulk Systems Ltd,422388,993837,CA,ON
Premier Motor Freight Inc,1258831,3651542,CA,ON
Premium Transportation Inc,327002,707829,CA,ON
Priam Logistics Inc,1036027,3278115,CA,MB
Pride Group Logistics International Ltd,1456607,3930461,CA,QC
Pride Group Logistics Ltd,891389,2556488,CA,ON
Prime Haul Logistics Inc,1735996,4417055,CA,AB
Prime Pro Logistics Inc,1804075,4544745,CA,QC
Prince Movers,,,CA,NB
Pro Way Freight Systems Inc,807536,2360607,CA,ON
Pro-Shield Logistics Group Inc,827424,2409633,CA,ON
Proactive Specialized Logistics Inc,958026,2859930,CA,ON
Procam International Inc,576576,2237384,CA,QC
Process Logistics Inc,1157326,3503618,CA,ON
Prodigy Freight Solutions Inc,1639942,4236619,CA,ON
Progressive Cargo Inc,1538622,4057062,CA,ON
Pur Logistics,,,CA,QC
Pure Transport Canada Inc,1352122,3779058,CA,AB
Q-Line Trucking Ltd,286158,592765,CA,SK
Qeep Logistics Inc,1613475,4187952,CA,ON
Quadra Logistics Group Ltd,484689,2232152,CA,AB
Qualgistics,,,CA,ON
Quality Grain Marketing,,,CA,AB
Quantum Global Logistics Inc,1672421,4296133,CA,ON
Quarterback Transportation Inc,580470,2237651,CA,ON
Quick Transfrate Inc,1270174,3667160,CA,ON
Quik X Transportation Inc,944822,425337,CA,ON
Quote 4 Loads Ltd,1760120,4462572,CA,ON
R G Transportation Services Limited,190387,2213429,CA,ON
Raab Logistics Inc,1426318,3884687,CA,ON
Radiant Global Logistics (Canada) Inc,523393,2234233,CA,ON
Radius Global Solutions Ulc,636144,2241535,CA,BC
Radius Logistics,,,CA,BC
Rak Logistics Inc,1420904,3876568,CA,ON
Rally Logistics Inc,658910,2243137,CA,ON
Rally Transportation Inc,845075,2448537,CA,ON
Ram Freight Solutions Ltd,1792025,4522396,CA,ON
Ramz Logistics,,,CA,ON
Ramz Trucking Inc,1169186,3521724,CA,ON
Rapide Route Logistics Services Inc,1634325,4226245,CA,QC
Rayna Freight Solutions,1688687,4326433,CA,ON
Ready Freight Ltd,111381,3161288,CA,ON
Red North Logistics Inc,1747749,4424093,CA,SK
Reden Enterprises,1671437,4294270,CA,ON
Redmarket Inc,507234,2233347,CA,QC
Rek Express Inc,611866,2239817,CA,MB
Reliance Express Inc,998930,2950486,CA,ON
Reliance Logistics Group Inc,822538,2397156,CA,ON
Reward Logistics Inc,094658,3133775,CA,ON
RG Alliance Brokerage Inc,1789389,4517482,CA,AB
Rgb Logistics Inc,983770,2918412,CA,PE
Rgt Brokerage Inc,1561711,4096405,CA,ON
Rhenus Logistics Canada Ltd,1014680,3234381,CA,ON
Richards Transport Ltd,139154,36260,CA,SK
Richland Logistics Inc,1755650,4454146,CA,MB
Richmond Transport Ltd,819675,2385632,CA,BC
Ridex Logistics Company,022342,2994773,CA,ON
Rig Logistics Inc,625538,1704436,CA,AB
Rite Route,,,CA,ON
Rite Route Supply Chain Solutions Ltd,1257177,3649211,CA,ON
Rite Way Freight Ltd,,,CA,QC
Rival Freight Solutions Inc,1585223,4136797,CA,MB
Riya Freight System Inc,1730078,4405746,CA,ON
RJ Expedite,,,CA,ON
Rle Logistics Inc,1651312,4257564,CA,AB
RM Logistic,,,CA,QC
Road King Logistics Inc,651917,2242628,CA,MB
Road Land Transport Inc,946242,2973521,CA,QC
Road Star Carrier Inc,851127,2475541,CA,ON
Roadlinx Inc,1677077,4304831,CA,ON
Roadstar Carrier,,,CA,ON
Roadstar Logistics Corp,873490,2522114,CA,ON
Robert Mosher Transport Inc,420763,321110,CA,QC
Roch Logistics,,,CA,QC
Rocky Hill Logistics,,,CA,ON
Rocky Mountain Brokers Ltd,982863,2916621,CA,BC
Rodge Freight Services Inc,1735023,4415207,CA,ON
Rome Transportation Inc,432217,2229261,CA,ON
Ronald Jolicoeur Inc,237619,2215058,CA,QC
Roshell Freight 2 0 Inc,053471,3055273,CA,ON
Rouge River Transportation Inc,913531,2632080,CA,ON
Route Enterprises Inc,1678076,4306704,CA,AB
Routebull Inc,1521161,4028193,CA,QC
Routes Transport International Inc,806256,2493425,CA,ON
Roux Transport Inc,1625781,4210409,CA,QC
Royal Logistics Inc,1201091,3568331,CA,SK
Rpm Expedite Inc,568613,2236871,CA,ON
Rpm Transit,,,CA,QC
Rrw International Ltd,1274733,3629718,CA,AB
Rsb Logistic Inc,188479,266723,CA,SK
Rst,,,CA,AB
Rst Brokerage Limited,972891,2889959,CA,NB
Rst Heavy Haul Ltd.,1486801,3975376,CA,AB
Rst Industries Limited,848480,2467504,CA,NB
Ruby Truck Line Inc,323825,699444,CA,MB
RX Freight,,,CA,ON
RX Freight Management Inc,889250,2556583,CA,ON
Rxo Capacity Solutions Inc,269140,2216380,CA,BC
RY Logistics Inc,1434869,3897651,CA,ON
S & K Logistics Inc,065034,3078025,CA,ON
S L B Transit Inc,750160,2158312,CA,QC
S&S Forwarding Ltd,189472,2213390,CA,QC
Sabretooth Global Logistics Inc,1458286,3933024,CA,ON
Safe N Save Logistics Inc,876987,2529622,CA,ON
Safex Transport,,,CA,QC
Samson Logistiques Inc,1645892,4247485,CA,QC
Sapp International Inc,1586871,4139547,CA,ON
Scacli,,,CA,ON
Schenker International - Transborder Division,,,CA,ON
Schenker OF Canada Limited,279083,2216848,CA,ON
Schmuve Logistics Inc,1769096,4479708,CA,AB
Schneider,,,CA,ON
Schneider National Carriers Ltd,944451,2826343,CA,ON
Scotlynn Commodities Inc,710394,2246564,CA,ON
Sea Cargo Air Cargo Logistics Inc,1353737,3781351,CA,ON
Sea Link Fleet Inc,1458806,3933758,CA,BC
Seaboard Logistics Limited,1096767,3405148,CA,NS
Seafood Express (P E I ) Limited,283690,19187,CA,PE
Searcy Trucking Ltd,215556,349364,CA,MB
Sendit Transportation Solutions Inc,1035979,3273654,CA,NB
Sentro Supply Chain Inc,1175245,3530607,CA,ON
Service DE Remorquage Direct Inc,381305,335378,CA,QC
Service First Transportation Inc,1174876,3530066,CA,ON
Service Freight Systems Inc,480589,2231946,CA,ON
Services EN Transport Stch Inc,697483,2245708,CA,QC
Seufert Transportation Systems Limited,414939,982996,CA,ON
Sfx Transport,,,CA,PE
Sgh Logistics,,,CA,QC
Sgnl Global Inc,1635200,4227825,CA,QC
Sgy Logix Inc,921340,2781055,CA,QC
Sharco Transport & Logistics Ltd,1264275,3659048,CA,ON
Sherway Logistics Inc,825959,2406045,CA,ON
Ship Cxc Inc,1679884,4310262,CA,ON
Ship With ME Logistics Ltd,104784,3150862,CA,BC
Shipcarte,1097473,3406672,CA,ON
Shipfreight,,,CA,QC
Shipmate Logistics Inc,1325218,3742308,CA,ON
Shipnorthamerica Transportation Inc,582664,2237796,CA,ON
Shipnow Logistics,1108895,3426270,CA,QC
Shippers First Logistics Corp,1671281,4293980,CA,ON
Shipster Inc,1209785,3581276,CA,ON
Shipwise Freight Inc,1623562,4206303,CA,ON
Shipwise Logistics Inc,1596973,4157167,CA,ON
Shipwise Logistics Usa,,,CA,ON
Shoreland Transport Inc,298576,623878,CA,NB
Shuswap Logistics Ltd,870892,2516235,CA,BC
Silver Pacific Investments Inc,253915,2215732,CA,BC
Silver Sparrow Freight Corporation,1188003,3549212,CA,BC
Sim-Tran (Ontario) Inc,753481,2249238,CA,ON
Simple Freight Solutions Inc,867149,2587541,CA,ON
Simplilogix,,,CA,ON
Sixsense Technologies Inc,1470165,3950639,CA,AB
Sjx Corporation,1741466,4427243,CA,ON
Sjx Express,,,CA,ON
SK Cornerstone Group Inc,679895,1887245,CA,ON
Sky Blue Express Inc,688444,1924865,CA,QC
Sky Route Transport Ltd,1516382,4020580,CA,ON
Skyfer Logistic Inc,1427750,3886863,CA,ON
Skyfer Logistics Inc,883490,2973657,CA,QC
Skylark Logistics Inc,476179,1193154,CA,ON
Slx Logistics Inc,016405,2985535,CA,QC
SM Brokerage Inc,1610230,4181894,CA,ON
Smart Solutions Logistics,,,CA,ON
Smartefreight Inc,113757,3164801,CA,ON
Snowy Owl Freight Management,,,CA,AB
Snowy Owl Transportation Inc,474722,2231654,CA,AB
SO Far SO Freight Inc,1352509,3779630,CA,ON
Son Creek International Transport Inc,366114,2225419,CA,BC
Sondai Logistics Inc,1647155,4249813,CA,ON
Sotech Nitram Inc,007579,2966074,CA,QC
Sotech Nitram Logistic,,,CA,QC
Sound Logistic Services Ltd,1556580,4087799,CA,ON
Sound Logistics,,,CA,ON
Southern Freight Inc.,392908,2226928,CA,ON
Special Teams International Inc,663313,1828685,CA,ON
Specialized Logistics Services Inc,1638461,4233903,CA,ON
Speedy Coast Express Inc,644487,2242106,CA,BC
Speedyway9 Inc,1733423,4412205,CA,ON
Sphere 1 Logistics Inc,825594,2406446,CA,BC
Spi Logistics,,,CA,BC
Sprinter Air Inc,1809844,4555440,CA,ON
Sprinter Emergency Transport Inc,658548,2952021,CA,ON
Srr Transport,,,CA,MB
SS Global Transport,,,CA,ON
Ssp Global Forwarding Ltd,1059857,3390396,CA,ON
Sst Trucking Ltd,113731,3164773,CA,SK
Stage Door Transportation,,,CA,ON
Stage West Logistics Inc,1484129,3971439,CA,ON
Stargaze Freight Inc,1810808,4557210,CA,MB
Starship Freight,,,CA,ON
Starship Logistics Inc,1070631,3349557,CA,ON
Start TO Finish Logistics (2014) Inc,757761,2249526,CA,NS
Station Park Logistics,996981,2939353,CA,ON
Stch,,,CA,QC
Steelhorse Freight Services Inc,501674,1293765,CA,AB
Steelpath Logistics Inc,1694439,4337750,CA,ON
Stellar Supply Chain Inc,1685119,4319595,CA,MB
Stellar Transportation Systems Inc,843475,2468295,CA,ON
Stephen Frederick Logistics Inc,392029,2226871,CA,ON
Stl Trans Ltd,1693789,4336490,CA,ON
Stones Transport Inc,860832,789795,CA,ON
Stony Freight Solutions Ltd,1712004,4371024,CA,AB
Straight Forwarding Enterprise Inc,1054334,3316254,CA,QC
Straight Forwardingstraight Forwarding Inc,,,CA,QC
Stratton Way Inc,1583558,4133943,CA,ON
Stryder Logistics Inc,1006840,3218729,CA,ON
Stryke Logistics Inc,1712755,4372458,CA,ON
Summit Logistics Inc,1737623,4420021,CA,QC
Sun Transportation Systems,,,CA,ON
Sunbelt Logistics Group,,,CA,ON
Sunbury Transport Limited,848523,2463962,CA,NB
Sunrunner Logistics Incorporated,887827,2574318,CA,ON
Superfresh Logistics Network Inc,1330427,3749438,CA,ON
Supersonic Transport Ltd,538691,1424788,CA,BC
Sure Track Courier Ltd,405862,945421,CA,ON
Sutco Contracting Ltd,350672,785077,CA,BC
Sweyn Logistics,,,CA,AB
Sweyn Logistics Llp,1041862,3290359,CA,AB
Swift Continental Ltd,1375012,3810527,CA,ON
Swift Wave Transport Inc,1740632,4425606,CA,ON
Swiftex Group Inc,1651745,4258334,CA,ON
Swiftgo Freight Ltd,1757242,4457193,CA,BC
Sykma Expressway Ltd,343210,758569,CA,QC
Synergie Canada Inc,750254,2249050,CA,QC
T & P Trucking Ltd,196440,294681,CA,BC
TA Logistics Inc,1689958,4328973,CA,ON
TA Services Canada Ltd,739185,2248349,CA,ON
Taby Transport Inc,846744,2452569,CA,ON
Tak Logistics Inc,650407,1659727,CA,BC
Target Transportation Ltd,1090550,3392470,CA,AB
Tate Transportation Limited,766339,2260943,CA,ON
Tci-Acg,,,CA,ON
Tcs Total Customs Services Inc,1086876,3384753,CA,QC
Tec Business Solutions Ltd,1778541,4497091,CA,ON
Teja Trucking Ltd,871477,2512530,CA,BC
Teleport Logistic Services Inc,884460,2546038,CA,ON
Tempo Logistik Inc,,,CA,QC
Tenaxx Logistics Ltd,1333649,3753846,CA,ON
Tenold Transportation Ltd,245537,175138,CA,BC
Tetra Network Inc,828713,2408432,CA,ON
Texpress,,,CA,ON
Tfi Transport 3,,,CA,ON
Tforce Logistics Canada Inc,238888,432864,CA,ON
The Blm Group Inc,851926,2514002,CA,ON
The Logistics Alliance Inc,1645133,4246096,CA,ON
The Round Table Inc,1725711,4397341,CA,ON
The Shipping Shop,1206580,3576532,CA,ON
Think Freight Solutions Inc,1138802,3475305,CA,ON
Third-I Logistics Inc,1687811,4324635,CA,ON
Thompson Ahern & Company Limited,894626,2567155,CA,ON
Thompson Emergency Freight Systems,,,CA,ON
Threesixty Route Logistics Inc,1182905,3536137,CA,MB
Ths Freight Inc,1748140,4439894,CA,ON
Tillsonburg Custom Foods,,,CA,ON
Time Cargo,,,CA,QC
Timestrans Cargo Logistics Svc Inc,801947,2365393,CA,QC
Titan Transline Inc,759630,2255096,CA,ON
Titanium Logistics Inc,508176,2233392,CA,ON
Tjb,,,CA,QC
Tls Truck Load Services Inc,205831,2214054,CA,QC
Tmg Logistics Inc,594159,1606648,CA,BC
Torchline Logistics Inc,1766299,4474362,CA,ON
Torizon Logistics Inc,726329,2247592,CA,ON
Total Customs Services,,,CA,QC
Total Logistics Control Inc,625747,2240772,CA,QC
Total One Logistics Inc,1515994,4019963,CA,QC
Total Ship Express,,,CA,QC
Total Transport & Rigging Inc,,,CA,NS
Touchdown Logistics,,,CA,ON
Touchstone Ventures Ltd,948219,2834670,CA,SK
Townline Logistics Inc,1557769,4089893,CA,ON
Tpt Systems Limited,277475,567829,CA,ON
Traffic Tech Inc,256862,632960,CA,QC
Traffix Ontario Limited,211991,332558,CA,ON
Trail-Trac Transport Inc,975162,2899666,CA,ON
Trailways Transportation Group Inc,1166289,3517411,CA,ON
Traks Freight Solutions Ltd,1181707,3540181,CA,ON
Trans - Pro Logistic Inc,266112,2216249,CA,QC
Trans 99 Logistics,,,CA,ON
Trans Continental Logistics Corp,040524,3033180,CA,ON
Trans Global Logistics Inc,572146,2237101,CA,BC
Trans-Border Transport Consultants Ltd,870351,2515341,CA,ON
Trans-Commercial Logistics Inc,742152,2262411,CA,ON
Trans-Globe Inc,1431356,3892284,CA,ON
Trans-Plus VM Inc,343842,2224307,CA,QC
Transam Express Inc,811802,2367306,CA,ON
Transcare Logistics Corporation,1022650,1287325,CA,ON
Transera Logistics Inc,066761,3081096,CA,BC
Transformer Logistics,,,CA,AB
Transfrt Mcnamara Inc,238528,463475,CA,ON
Transigo Logistics Inc,1756293,4455405,CA,ON
Transit Koz Inc,1634322,4226239,CA,QC
Transnet Freight Cargo Inc,1091696,1773012,CA,ON
Transnet Logistics Ltd,1615904,4192327,CA,AB
Transnetwork Logistics Inc,1619881,4199560,CA,ON
Transport Ajit Inc,367251,823643,CA,QC
Transport Alain Giroux ET Fils Inc,353780,789151,CA,QC
Transport Bellemare International Inc,575130,1550291,CA,QC
Transport Bma-Mpr,,,CA,QC
Transport Bti,,,CA,QC
Transport Couet Inc,412322,968817,CA,QC
Transport Distribution Mtl Inc,366712,830602,CA,QC
Transport Ease And Management Services,,,CA,MB
Transport ET Logistiques Panorama Inc,1611454,4184126,CA,QC
Transport Jaguar International Inc,872068,2518352,CA,QC
Transport Jocelyn Bourdeau Inc,474767,1189152,CA,QC
Transport Lac Express Usa Inc,797894,2336847,CA,QC
Transport Lessard 2000,,,CA,QC
Transport Mouse's Inc,,,CA,QC
Transport Paca,,,CA,NB
Transport Phoenix,,,CA,QC
Transport Pro-Cal Inc,102997,3147573,CA,QC
Transport Robert (1973) Ltee,143385,148817,CA,QC
Transport Robert 1973 Ltee,,,CA,QC
Transport Saf Inc,299479,661486,CA,QC
Transport Soobz Inc,1601219,4165231,CA,QC
Transport Sylvester & Forget Inc,245410,456011,CA,QC
Transport Tfi 3 Sec,443211,1070993,CA,ON
Transport Viewz Inc,1752284,4447821,CA,QC
Transport Wae Inc,1612505,4186078,CA,QC
Transroyal Logistics Inc,1646622,4248840,CA,QC
Transworld Xpress Inc,877362,2526047,CA,BC
Transx Ltd,153367,180162,CA,MB
Transyc Freight Solution Ltd,1777113,4494408,CA,ON
Travelers Transportation Services Inc,201596,325925,CA,ON
Tree Fort Logistics Ltd,1137286,3472960,CA,ON
Tree LS Inc,,,CA,MB
Tri - Tech Logistics Ltd,558944,2236281,CA,BC
Tri-AD International Freight Forwarding Ltd,989411,2930446,CA,ON
Tri-Star Traffic & Distribution Inc,214423,2214339,CA,ON
Triage Logistics Company,769794,2259183,CA,QC
Triangle Logistics Solutions Inc,793404,2335239,CA,ON
Trinet Transportation Inc,677529,2244340,CA,QC
Trinet Usa,,,CA,QC
Triple Star Logistics Inc,734621,2248059,CA,ON
Triton Transport Ltd,346637,774360,CA,BC
Triumph Express Service Canada Inc,752056,2249158,CA,ON
Trucanada Logistics,,,CA,ON
Truck Rail Everything Else Logistics Services Incorporated,1272069,3669798,CA,MB
Truck'n Roll,,,CA,QC
Truevalue Wholesale Grocers,,,CA,MB
Trux International Inc,420497,2228574,CA,ON
Tst Overland Express Tst Expedited Services Tst Truckload Express Tractive Express,,,CA,ON
Tst Solutions LP,440656,1043119,CA,ON
Tulltrans Global Logistics Inc,1601739,4166160,CA,QC
Twin Path Logistics Inc,1774923,4490417,CA,ON
Twins Logistics Inc,856169,2480589,CA,ON
Two Points Logistics Inc,756883,2249463,CA,ON
Tyt Group,,,CA,QC
U1 Logistics Inc,1388390,3829162,CA,ON
Uber Freight Canada Ltd,188215,2213344,CA,ON
Ufi,,,CA,BC
Uls Freight Inc,1390892,3832599,CA,ON
Ultimate Expedite Corp,1676401,4303607,CA,ON
United Dhillon Truck Lines Inc,1048374,3304082,CA,MB
United Load Logistics,,,CA,ON
United Road Canada Inc,662818,1827078,CA,MB
Universal Freight And Transportation Inc,526002,2234376,CA,BC
Upper Canada Logistics Inc,1702427,4089573,CA,ON
Upper Deck Transport Inc,809673,2369930,CA,MB
US Traffic Limited,221730,635247,CA,ON
US Traffic US Traffic Services Inc,,,CA,ON
V4U Logistic Inc,1552475,2186021,CA,ON
Valley Roadways Ltd,963519,2872784,CA,BC
Vancouver Freight Solutions Inc,1804455,4545413,CA,BC
Vanova Solutions Ltd,1665648,4253161,CA,QC
Vcr Transportation Inc,095276,3134779,CA,ON
Vector Transportation Services Inc,844321,2451197,CA,ON
Vectra Heavy Haulers Inc,819214,2384482,CA,ON
Veilleux Transit Inc,261422,512712,CA,QC
Velox Freight Forwarding Ltd,1683192,4316138,CA,ON
Venkor Inc,1137427,3473199,CA,ON
Vermani Freight Forwarding Inc,1588989,4143158,CA,ON
Versacold Logistics Services GP Limited,859796,2163528,CA,AB
Vettori Industries Inc,1103196,3416563,CA,ON
Viavic Express Inc,358860,806380,CA,QC
Victory Voyage Logistics Ltd,1800047,4537353,CA,ON
Vimich Transportation Services Inc,309560,2222681,CA,ON
Vion Transporation And Logistics Inc,1383820,3822716,CA,ON
Vision Transportation Systems Inc,1712778,4372492,CA,ON
Vistar Transportation Ltd,686271,1915695,CA,ON
Vit Inc,357752,2224986,CA,QC
Vitanza Logistics Inc,1807771,4551748,CA,ON
Vitesse Transport Corporation,401356,935530,CA,QC
Vitesse Trucking Services Inc,488450,1264956,CA,QC
Viva Logistics Inc,927274,2787439,CA,ON
Vlc Vancouver Logistics Corp,1745230,4434362,CA,BC
Voltron Logistics Inc,1577606,4123574,CA,BC
Volume Freight Solutions Inc,131771,3186175,CA,MB
Vortex Freight Systems Inc,711029,2246613,CA,ON
Vtl V-Trans Ltd,250892,521631,CA,QC
W E I Brokerage Inc,1735889,4416849,CA,ON
W J Deans Transportation Inc,209672,314607,CA,QC
W P Western Pacific Freight Systems Inc,302205,1702518,CA,BC
W5 Logistics Inc,677444,2244332,CA,ON
Wal-Mart Canada Corp,1808936,4553850,CA,ON
Walter Mcdougall International Logistics Inc,159256,580575,CA,ON
Welke Global Logistics Ltd,679050,2244450,CA,ON
Wellington Motor Freight,,,CA,ON
Wellington Supply Chain,,,CA,ON
Wendover Express,,,CA,ON
Westcore Links Inc,927691,2784350,CA,AB
Westcore Logistics,1392740,3835259,CA,BC
Western Alliance Logistics,000862,2954159,CA,QC
Western Freight Solutions Ltd,1480264,3965596,CA,QC
Westlake Logistics Inc,020091,2993219,CA,ON
Wildwood Transport Inc,774524,2276712,CA,MB
Willson International Logistics Limited,688681,2245057,CA,ON
Wilride Transport Ltd,844616,471783,CA,ON
Win-Mar Freight Management Inc,671738,2243966,CA,MB
Wind Transport Inc,1711726,4370549,CA,ON
Wood-Hall Logistics Inc,027995,3008843,CA,ON
Woodbine Logistics Inc,1706010,4360039,CA,ON
Woodcock Transportation Services Inc,840463,2442710,CA,ON
Wright Freeman Group Inc,1735718,4416529,CA,QC
WS Bell Cartage,,,CA,ON
Xbridge Logistics Inc,1737742,4420254,CA,ON
Xcel Freightways Inc,1578484,4125164,CA,AB
Xli,,,CA,ON
Xpeditr Inc,998221,2948528,CA,ON
Xplore Transport Solutions Inc,1630115,4218422,CA,QC
Xporteez Logistics,,,CA,QC
Xrp Express Inc,1539479,4058550,CA,ON
Xtl Logistics Inc,549887,2235735,CA,ON
Xylan Logistics Inc,,,CA,BC
Yss Commerce Inc,1542754,4064295,CA,QC
Zatov Freightzatov Transportzatov Logistics,,,CA,QC
Zatov Group Inc,1652830,4260364,CA,QC
Zavcor Trucking Limited,1797354,4532437,CA,ON
Zero Emissions Logistics Inc,1318755,3730424,CA,QC
